x,ox,_,nkXN(6),tXN,gZz,XN(v30m/s),z,Zz,yQx,~D(xmRViI),1ku,
35.80708129,140.357299,NECWXeBNXijicqj,1,0,0,0,0,0,0,0,0,
33.60857184,130.4036967,NECWXeBNXijiqj,0,1,0,0,0,1,0,0,0,
32.062775,131.47403,gHA[GtZ~R@{{,1,1,0,0,1,0,0,0,0,
33.59037231,130.4388407,{^(jWXeBNXZ^[,0,1,0,0,1,1,0,0,0,
32.43416433,131.6526269,S据喊_PDASZ_Aop,1,1,1,0,0,1,0,0,0,
32.43132482,131.6384634,S据喊_2PD,1,1,1,0,0,1,0,0,0,
34.78536404,135.5740702,ZR[kocZ^[,1,1,0,0,1,0,0,0,0,
32.43757429,131.6536703,ZR[@`pc@|q,1,1,1,0,0,1,0,0,0,
34.87040679,136.5380782,S据喊_kb,1,0,0,0,0,0,0,0,0,
34.84033914,136.5316011,qij,1,0,0,0,0,0,0,0,1,
36.05864,139.63562,S据喊_vPD,1,1,0,0,1,0,0,0,0,
33.60639464,131.2408453,}s10         ,0,1,0,0,0,1,0,0,0,
35.45562591,139.6978218,mu_,1,1,1,0,0,0,0,1,0,
35.494453,139.763245,ZR[,1,1,1,1,0,0,0,1,0,
35.50386896,139.7636951,Sa_,1,1,1,1,0,0,0,1,0,
33.24771396,131.7385918,q_,1,1,1,0,0,1,0,0,0,
34.47676135,133.7634924,F据喊_O,1,1,0,0,0,0,0,0,0,
